<?xml version="1.0"?>
<opencv_storage>
<!-- Automatically converted from Data, window size = 20x20 -->
<Ball type_id="opencv-haar-classifier">
  <size>
    20 20</size>
  <stages>
    <_>
      <!-- stage 0 -->
      <trees>
        <_>
          <!-- tree 0 -->
          <_>
            <!-- root node -->
            <feature>
              <rects>
                <_>
                  3 6 14 14 -1.</_>
                <_>
                  3 13 14 7 2.</_></rects>
              <tilted>0</tilted></feature>
            <threshold>-3.8619381189346313e-01</threshold>
            <left_val>8.9206099510192871e-01</left_val>
            <right_val>-9.8360860347747803e-01</right_val></_></_>
        <_>
          <!-- tree 1 -->
          <_>
            <!-- root node -->
            <feature>
              <rects>
                <_>
                  12 1 8 14 -1.</_>
                <_>
                  12 1 4 14 2.</_></rects>
              <tilted>0</tilted></feature>
            <threshold>6.5979659557342529e-02</threshold>
            <left_val>-9.6709722280502319e-01</left_val>
            <right_val>7.6711642742156982e-01</right_val></_></_></trees>
      <stage_threshold>-2.1649220585823059e-01</stage_threshold>
      <parent>-1</parent>
      <next>-1</next></_>
    <_>
      <!-- stage 1 -->
      <trees>
        <_>
          <!-- tree 0 -->
          <_>
            <!-- root node -->
            <feature>
              <rects>
                <_>
                  0 2 8 11 -1.</_>
                <_>
                  4 2 4 11 2.</_></rects>
              <tilted>0</tilted></feature>
            <threshold>6.5287083387374878e-02</threshold>
            <left_val>-9.1344392299652100e-01</left_val>
            <right_val>8.2628619670867920e-01</right_val></_></_>
        <_>
          <!-- tree 1 -->
          <_>
            <!-- root node -->
            <feature>
              <rects>
                <_>
                  3 5 15 14 -1.</_>
                <_>
                  3 12 15 7 2.</_></rects>
              <tilted>0</tilted></feature>
            <threshold>-4.1579809784889221e-01</threshold>
            <left_val>6.8673491477966309e-01</left_val>
            <right_val>-9.5160889625549316e-01</right_val></_></_></trees>
      <stage_threshold>-2.2670899331569672e-01</stage_threshold>
      <parent>0</parent>
      <next>-1</next></_>
    <_>
      <!-- stage 2 -->
      <trees>
        <_>
          <!-- tree 0 -->
          <_>
            <!-- root node -->
            <feature>
              <rects>
                <_>
                  1 2 18 3 -1.</_>
                <_>
                  7 2 6 3 3.</_></rects>
              <tilted>0</tilted></feature>
            <threshold>4.7626089304685593e-02</threshold>
            <left_val>-9.2655217647552490e-01</left_val>
            <right_val>6.8084102869033813e-01</right_val></_></_>
        <_>
          <!-- tree 1 -->
          <_>
            <!-- root node -->
            <feature>
              <rects>
                <_>
                  2 0 16 12 -1.</_>
                <_>
                  2 4 16 4 3.</_></rects>
              <tilted>0</tilted></feature>
            <threshold>1.0770740360021591e-01</threshold>
            <left_val>-8.6308628320693970e-01</left_val>
            <right_val>5.4469031095504761e-01</right_val></_></_>
        <_>
          <!-- tree 2 -->
          <_>
            <!-- root node -->
            <feature>
              <rects>
                <_>
                  5 8 8 12 -1.</_>
                <_>
                  5 14 8 6 2.</_></rects>
              <tilted>0</tilted></feature>
            <threshold>-1.7245690524578094e-01</threshold>
            <left_val>4.2851960659027100e-01</left_val>
            <right_val>-9.6051591634750366e-01</right_val></_></_>
        <_>
          <!-- tree 3 -->
          <_>
            <!-- root node -->
            <feature>
              <rects>
                <_>
                  2 2 18 15 -1.</_>
                <_>
                  8 2 6 15 3.</_></rects>
              <tilted>0</tilted></feature>
            <threshold>1.3564999401569366e-01</threshold>
            <left_val>-9.0920877456665039e-01</left_val>
            <right_val>4.0867060422897339e-01</right_val></_></_></trees>
      <stage_threshold>-9.5244842767715454e-01</stage_threshold>
      <parent>1</parent>
      <next>-1</next></_>
    <_>
      <!-- stage 3 -->
      <trees>
        <_>
          <!-- tree 0 -->
          <_>
            <!-- root node -->
            <feature>
              <rects>
                <_>
                  2 4 16 16 -1.</_>
                <_>
                  2 12 16 8 2.</_></rects>
              <tilted>0</tilted></feature>
            <threshold>-5.2798759937286377e-01</threshold>
            <left_val>5.8628827333450317e-01</left_val>
            <right_val>-9.3925231695175171e-01</right_val></_></_>
        <_>
          <!-- tree 1 -->
          <_>
            <!-- root node -->
            <feature>
              <rects>
                <_>
                  7 0 7 6 -1.</_>
                <_>
                  7 2 7 2 3.</_></rects>
              <tilted>0</tilted></feature>
            <threshold>1.4949060045182705e-02</threshold>
            <left_val>-7.9832518100738525e-01</left_val>
            <right_val>5.9353888034820557e-01</right_val></_></_></trees>
      <stage_threshold>-3.4571340680122375e-01</stage_threshold>
      <parent>2</parent>
      <next>-1</next></_>
    <_>
      <!-- stage 4 -->
      <trees>
        <_>
          <!-- tree 0 -->
          <_>
            <!-- root node -->
            <feature>
              <rects>
                <_>
                  0 2 6 15 -1.</_>
                <_>
                  3 2 3 15 2.</_></rects>
              <tilted>0</tilted></feature>
            <threshold>3.4373331815004349e-02</threshold>
            <left_val>-9.6470260620117188e-01</left_val>
            <right_val>5.8559542894363403e-01</right_val></_></_>
        <_>
          <!-- tree 1 -->
          <_>
            <!-- root node -->
            <feature>
              <rects>
                <_>
                  2 3 16 16 -1.</_>
                <_>
                  2 11 16 8 2.</_></rects>
              <tilted>0</tilted></feature>
            <threshold>-4.7560629248619080e-01</threshold>
            <left_val>5.1644992828369141e-01</left_val>
            <right_val>-9.5122730731964111e-01</right_val></_></_>
        <_>
          <!-- tree 2 -->
          <_>
            <!-- root node -->
            <feature>
              <rects>
                <_>
                  5 1 6 4 -1.</_>
                <_>
                  7 1 2 4 3.</_></rects>
              <tilted>0</tilted></feature>
            <threshold>1.3142949901521206e-03</threshold>
            <left_val>-9.4237542152404785e-01</left_val>
            <right_val>4.1728210449218750e-01</right_val></_></_>
        <_>
          <!-- tree 3 -->
          <_>
            <!-- root node -->
            <feature>
              <rects>
                <_>
                  2 1 18 15 -1.</_>
                <_>
                  8 1 6 15 3.</_></rects>
              <tilted>0</tilted></feature>
            <threshold>1.6661930084228516e-01</threshold>
            <left_val>-9.6506601572036743e-01</left_val>
            <right_val>3.0752849578857422e-01</right_val></_></_>
        <_>
          <!-- tree 4 -->
          <_>
            <!-- root node -->
            <feature>
              <rects>
                <_>
                  2 8 10 12 -1.</_>
                <_>
                  2 14 10 6 2.</_></rects>
              <tilted>0</tilted></feature>
            <threshold>-2.0387269556522369e-01</threshold>
            <left_val>3.9334291219711304e-01</left_val>
            <right_val>-9.8401147127151489e-01</right_val></_></_></trees>
      <stage_threshold>-4.2975011467933655e-01</stage_threshold>
      <parent>3</parent>
      <next>-1</next></_>
    <_>
      <!-- stage 5 -->
      <trees>
        <_>
          <!-- tree 0 -->
          <_>
            <!-- root node -->
            <feature>
              <rects>
                <_>
                  4 0 11 4 -1.</_>
                <_>
                  4 2 11 2 2.</_></rects>
              <tilted>0</tilted></feature>
            <threshold>3.8362611085176468e-02</threshold>
            <left_val>-6.9032138586044312e-01</left_val>
            <right_val>6.3006621599197388e-01</right_val></_></_>
        <_>
          <!-- tree 1 -->
          <_>
            <!-- root node -->
            <feature>
              <rects>
                <_>
                  13 18 2 2 -1.</_>
                <_>
                  13 19 2 1 2.</_></rects>
              <tilted>0</tilted></feature>
            <threshold>2.2699039618601091e-05</threshold>
            <left_val>-7.0840138196945190e-01</left_val>
            <right_val>4.2116668820381165e-01</right_val></_></_>
        <_>
          <!-- tree 2 -->
          <_>
            <!-- root node -->
            <feature>
              <rects>
                <_>
                  0 4 20 15 -1.</_>
                <_>
                  10 4 10 15 2.</_></rects>
              <tilted>0</tilted></feature>
            <threshold>-4.7991619794629514e-04</threshold>
            <left_val>3.2634130120277405e-01</left_val>
            <right_val>-8.0109387636184692e-01</right_val></_></_>
        <_>
          <!-- tree 3 -->
          <_>
            <!-- root node -->
            <feature>
              <rects>
                <_>
                  14 0 2 7 -1.</_>
                <_>
                  14 0 1 7 2.</_></rects>
              <tilted>0</tilted></feature>
            <threshold>1.2031530495733023e-03</threshold>
            <left_val>-7.9004722833633423e-01</left_val>
            <right_val>2.4726979434490204e-01</right_val></_></_>
        <_>
          <!-- tree 4 -->
          <_>
            <!-- root node -->
            <feature>
              <rects>
                <_>
                  0 18 7 2 -1.</_>
                <_>
                  0 19 7 1 2.</_></rects>
              <tilted>0</tilted></feature>
            <threshold>1.1494989739730954e-03</threshold>
            <left_val>-6.0281682014465332e-01</left_val>
            <right_val>4.4217950105667114e-01</right_val></_></_>
        <_>
          <!-- tree 5 -->
          <_>
            <!-- root node -->
            <feature>
              <rects>
                <_>
                  11 0 2 8 -1.</_>
                <_>
                  12 0 1 4 2.</_>
                <_>
                  11 4 1 4 2.</_></rects>
              <tilted>0</tilted></feature>
            <threshold>-2.0737430531880818e-05</threshold>
            <left_val>3.4701040387153625e-01</left_val>
            <right_val>-5.2411782741546631e-01</right_val></_></_>
        <_>
          <!-- tree 6 -->
          <_>
            <!-- root node -->
            <feature>
              <rects>
                <_>
                  5 1 2 7 -1.</_>
                <_>
                  6 1 1 7 2.</_></rects>
              <tilted>0</tilted></feature>
            <threshold>4.8799419892020524e-04</threshold>
            <left_val>-8.8668030500411987e-01</left_val>
            <right_val>3.1527480483055115e-01</right_val></_></_></trees>
      <stage_threshold>-1.6367720365524292e+00</stage_threshold>
      <parent>4</parent>
      <next>-1</next></_>
    <_>
      <!-- stage 6 -->
      <trees>
        <_>
          <!-- tree 0 -->
          <_>
            <!-- root node -->
            <feature>
              <rects>
                <_>
                  0 3 6 12 -1.</_>
                <_>
                  3 3 3 12 2.</_></rects>
              <tilted>0</tilted></feature>
            <threshold>6.3035286962985992e-02</threshold>
            <left_val>-6.7998081445693970e-01</left_val>
            <right_val>5.1405072212219238e-01</right_val></_></_>
        <_>
          <!-- tree 1 -->
          <_>
            <!-- root node -->
            <feature>
              <rects>
                <_>
                  14 17 4 3 -1.</_>
                <_>
                  14 17 2 3 2.</_></rects>
              <tilted>0</tilted></feature>
            <threshold>-2.6985999284079298e-05</threshold>
            <left_val>1.7622469365596771e-01</left_val>
            <right_val>-4.6340060234069824e-01</right_val></_></_>
        <_>
          <!-- tree 2 -->
          <_>
            <!-- root node -->
            <feature>
              <rects>
                <_>
                  1 18 6 1 -1.</_>
                <_>
                  4 18 3 1 2.</_></rects>
              <tilted>0</tilted></feature>
            <threshold>-2.0788520487258211e-05</threshold>
            <left_val>3.1155478954315186e-01</left_val>
            <right_val>-8.5492199659347534e-01</right_val></_></_>
        <_>
          <!-- tree 3 -->
          <_>
            <!-- root node -->
            <feature>
              <rects>
                <_>
                  9 4 2 2 -1.</_>
                <_>
                  9 5 2 1 2.</_></rects>
              <tilted>0</tilted></feature>
            <threshold>1.7536499944981188e-04</threshold>
            <left_val>2.9817199707031250e-01</left_val>
            <right_val>-8.4856158494949341e-01</right_val></_></_>
        <_>
          <!-- tree 4 -->
          <_>
            <!-- root node -->
            <feature>
              <rects>
                <_>
                  0 2 4 1 -1.</_>
                <_>
                  2 2 2 1 2.</_></rects>
              <tilted>0</tilted></feature>
            <threshold>1.2714579934254289e-03</threshold>
            <left_val>2.6573181152343750e-01</left_val>
            <right_val>-8.7543159723281860e-01</right_val></_></_>
        <_>
          <!-- tree 5 -->
          <_>
            <!-- root node -->
            <feature>
              <rects>
                <_>
                  10 4 4 2 -1.</_>
                <_>
                  10 4 2 2 2.</_></rects>
              <tilted>0</tilted></feature>
            <threshold>1.2026679469272494e-03</threshold>
            <left_val>1.8376469612121582e-01</left_val>
            <right_val>-5.8808010816574097e-01</right_val></_></_></trees>
      <stage_threshold>-1.2506350278854370e+00</stage_threshold>
      <parent>5</parent>
      <next>-1</next></_>
    <_>
      <!-- stage 7 -->
      <trees>
        <_>
          <!-- tree 0 -->
          <_>
            <!-- root node -->
            <feature>
              <rects>
                <_>
                  0 4 6 3 -1.</_>
                <_>
                  3 4 3 3 2.</_></rects>
              <tilted>0</tilted></feature>
            <threshold>2.1990759298205376e-02</threshold>
            <left_val>-6.1938917636871338e-01</left_val>
            <right_val>4.8824471235275269e-01</right_val></_></_>
        <_>
          <!-- tree 1 -->
          <_>
            <!-- root node -->
            <feature>
              <rects>
                <_>
                  7 0 6 9 -1.</_>
                <_>
                  9 0 2 9 3.</_></rects>
              <tilted>0</tilted></feature>
            <threshold>1.2165470252512023e-04</threshold>
            <left_val>-7.1961450576782227e-01</left_val>
            <right_val>3.2028651237487793e-01</right_val></_></_>
        <_>
          <!-- tree 2 -->
          <_>
            <!-- root node -->
            <feature>
              <rects>
                <_>
                  4 0 4 1 -1.</_>
                <_>
                  6 0 2 1 2.</_></rects>
              <tilted>0</tilted></feature>
            <threshold>9.3804998323321342e-04</threshold>
            <left_val>3.3893170952796936e-01</left_val>
            <right_val>-7.2578388452529907e-01</right_val></_></_>
        <_>
          <!-- tree 3 -->
          <_>
            <!-- root node -->
            <feature>
              <rects>
                <_>
                  14 0 2 7 -1.</_>
                <_>
                  14 0 1 7 2.</_></rects>
              <tilted>0</tilted></feature>
            <threshold>1.7400500364601612e-03</threshold>
            <left_val>-7.3100692033767700e-01</left_val>
            <right_val>2.0016360282897949e-01</right_val></_></_>
        <_>
          <!-- tree 4 -->
          <_>
            <!-- root node -->
            <feature>
              <rects>
                <_>
                  4 1 2 6 -1.</_>
                <_>
                  5 1 1 6 2.</_></rects>
              <tilted>0</tilted></feature>
            <threshold>1.3025120133534074e-03</threshold>
            <left_val>-8.8706398010253906e-01</left_val>
            <right_val>2.9481500387191772e-01</right_val></_></_></trees>
      <stage_threshold>-6.4707142114639282e-01</stage_threshold>
      <parent>6</parent>
      <next>-1</next></_>
    <_>
      <!-- stage 8 -->
      <trees>
        <_>
          <!-- tree 0 -->
          <_>
            <!-- root node -->
            <feature>
              <rects>
                <_>
                  3 2 8 2 -1.</_>
                <_>
                  3 2 4 1 2.</_>
                <_>
                  7 3 4 1 2.</_></rects>
              <tilted>0</tilted></feature>
            <threshold>-3.8994629867374897e-03</threshold>
            <left_val>7.2667378187179565e-01</left_val>
            <right_val>-4.4473689794540405e-01</right_val></_></_>
        <_>
          <!-- tree 1 -->
          <_>
            <!-- root node -->
            <feature>
              <rects>
                <_>
                  10 4 1 4 -1.</_>
                <_>
                  10 6 1 2 2.</_></rects>
              <tilted>0</tilted></feature>
            <threshold>-2.4698339984752238e-04</threshold>
            <left_val>-6.5544611215591431e-01</left_val>
            <right_val>3.4280571341514587e-01</right_val></_></_>
        <_>
          <!-- tree 2 -->
          <_>
            <!-- root node -->
            <feature>
              <rects>
                <_>
                  8 4 3 4 -1.</_>
                <_>
                  8 6 3 2 2.</_></rects>
              <tilted>0</tilted></feature>
            <threshold>6.4459518762305379e-04</threshold>
            <left_val>2.9974350333213806e-01</left_val>
            <right_val>-8.4975379705429077e-01</right_val></_></_>
        <_>
          <!-- tree 3 -->
          <_>
            <!-- root node -->
            <feature>
              <rects>
                <_>
                  13 18 2 2 -1.</_>
                <_>
                  13 19 2 1 2.</_></rects>
              <tilted>0</tilted></feature>
            <threshold>2.2699039618601091e-05</threshold>
            <left_val>-5.8817017078399658e-01</left_val>
            <right_val>1.6278420388698578e-01</right_val></_></_>
        <_>
          <!-- tree 4 -->
          <_>
            <!-- root node -->
            <feature>
              <rects>
                <_>
                  2 4 16 16 -1.</_>
                <_>
                  2 12 16 8 2.</_></rects>
              <tilted>0</tilted></feature>
            <threshold>-5.7548177242279053e-01</threshold>
            <left_val>2.7882421016693115e-01</left_val>
            <right_val>-7.5787657499313354e-01</right_val></_></_>
        <_>
          <!-- tree 5 -->
          <_>
            <!-- root node -->
            <feature>
              <rects>
                <_>
                  11 5 1 4 -1.</_>
                <_>
                  11 7 1 2 2.</_></rects>
              <tilted>0</tilted></feature>
            <threshold>4.4031441211700439e-04</threshold>
            <left_val>1.0823220014572144e-01</left_val>
            <right_val>-6.1624920368194580e-01</right_val></_></_>
        <_>
          <!-- tree 6 -->
          <_>
            <!-- root node -->
            <feature>
              <rects>
                <_>
                  8 7 3 2 -1.</_>
                <_>
                  8 8 3 1 2.</_></rects>
              <tilted>0</tilted></feature>
            <threshold>-4.3013659887947142e-04</threshold>
            <left_val>-6.7915821075439453e-01</left_val>
            <right_val>3.3699160814285278e-01</right_val></_></_>
        <_>
          <!-- tree 7 -->
          <_>
            <!-- root node -->
            <feature>
              <rects>
                <_>
                  0 1 20 9 -1.</_>
                <_>
                  0 1 10 9 2.</_></rects>
              <tilted>0</tilted></feature>
            <threshold>-3.8240261375904083e-02</threshold>
            <left_val>-8.0962359905242920e-01</left_val>
            <right_val>2.5831151008605957e-01</right_val></_></_></trees>
      <stage_threshold>-1.4223999977111816e+00</stage_threshold>
      <parent>7</parent>
      <next>-1</next></_>
    <_>
      <!-- stage 9 -->
      <trees>
        <_>
          <!-- tree 0 -->
          <_>
            <!-- root node -->
            <feature>
              <rects>
                <_>
                  8 4 2 4 -1.</_>
                <_>
                  8 6 2 2 2.</_></rects>
              <tilted>0</tilted></feature>
            <threshold>-3.5061230300925672e-04</threshold>
            <left_val>-8.0241918563842773e-01</left_val>
            <right_val>3.6884510517120361e-01</right_val></_></_>
        <_>
          <!-- tree 1 -->
          <_>
            <!-- root node -->
            <feature>
              <rects>
                <_>
                  12 3 6 4 -1.</_>
                <_>
                  15 3 3 2 2.</_>
                <_>
                  12 5 3 2 2.</_></rects>
              <tilted>0</tilted></feature>
            <threshold>-5.7283178903162479e-03</threshold>
            <left_val>4.4412460923194885e-01</left_val>
            <right_val>-4.4035130739212036e-01</right_val></_></_>
        <_>
          <!-- tree 2 -->
          <_>
            <!-- root node -->
            <feature>
              <rects>
                <_>
                  2 2 14 6 -1.</_>
                <_>
                  9 2 7 6 2.</_></rects>
              <tilted>0</tilted></feature>
            <threshold>-8.6733978241682053e-03</threshold>
            <left_val>-8.7523370981216431e-01</left_val>
            <right_val>2.8095990419387817e-01</right_val></_></_>
        <_>
          <!-- tree 3 -->
          <_>
            <!-- root node -->
            <feature>
              <rects>
                <_>
                  14 18 2 2 -1.</_>
                <_>
                  14 19 2 1 2.</_></rects>
              <tilted>0</tilted></feature>
            <threshold>2.1968129658489488e-05</threshold>
            <left_val>-6.6227400302886963e-01</left_val>
            <right_val>2.1547740697860718e-01</right_val></_></_>
        <_>
          <!-- tree 4 -->
          <_>
            <!-- root node -->
            <feature>
              <rects>
                <_>
                  8 4 1 4 -1.</_>
                <_>
                  8 6 1 2 2.</_></rects>
              <tilted>0</tilted></feature>
            <threshold>3.5293921246193349e-04</threshold>
            <left_val>2.6371350884437561e-01</left_val>
            <right_val>-8.8296359777450562e-01</right_val></_></_>
        <_>
          <!-- tree 5 -->
          <_>
            <!-- root node -->
            <feature>
              <rects>
                <_>
                  13 0 3 12 -1.</_>
                <_>
                  13 4 3 4 3.</_></rects>
              <tilted>0</tilted></feature>
            <threshold>1.8049990758299828e-02</threshold>
            <left_val>-7.3285359144210815e-01</left_val>
            <right_val>1.2380860000848770e-01</right_val></_></_>
        <_>
          <!-- tree 6 -->
          <_>
            <!-- root node -->
            <feature>
              <rects>
                <_>
                  0 12 1 6 -1.</_>
                <_>
                  0 15 1 3 2.</_></rects>
              <tilted>0</tilted></feature>
            <threshold>-3.0679861083626747e-03</threshold>
            <left_val>-8.7163269519805908e-01</left_val>
            <right_val>2.6794001460075378e-01</right_val></_></_></trees>
      <stage_threshold>-1.1946640014648438e+00</stage_threshold>
      <parent>8</parent>
      <next>-1</next></_>
    <_>
      <!-- stage 10 -->
      <trees>
        <_>
          <!-- tree 0 -->
          <_>
            <!-- root node -->
            <feature>
              <rects>
                <_>
                  4 0 12 4 -1.</_>
                <_>
                  4 2 12 2 2.</_></rects>
              <tilted>0</tilted></feature>
            <threshold>4.7735869884490967e-02</threshold>
            <left_val>-5.7928949594497681e-01</left_val>
            <right_val>4.5708191394805908e-01</right_val></_></_>
        <_>
          <!-- tree 1 -->
          <_>
            <!-- root node -->
            <feature>
              <rects>
                <_>
                  9 6 4 3 -1.</_>
                <_>
                  9 7 4 1 3.</_></rects>
              <tilted>0</tilted></feature>
            <threshold>-2.8470170218497515e-04</threshold>
            <left_val>-6.1470127105712891e-01</left_val>
            <right_val>1.6540470719337463e-01</right_val></_></_>
        <_>
          <!-- tree 2 -->
          <_>
            <!-- root node -->
            <feature>
              <rects>
                <_>
                  0 7 18 12 -1.</_>
                <_>
                  6 7 6 12 3.</_></rects>
              <tilted>0</tilted></feature>
            <threshold>4.7769829630851746e-02</threshold>
            <left_val>-7.6260578632354736e-01</left_val>
            <right_val>2.6981401443481445e-01</right_val></_></_>
        <_>
          <!-- tree 3 -->
          <_>
            <!-- root node -->
            <feature>
              <rects>
                <_>
                  10 4 8 2 -1.</_>
                <_>
                  14 4 4 1 2.</_>
                <_>
                  10 5 4 1 2.</_></rects>
              <tilted>0</tilted></feature>
            <threshold>-5.3708389168605208e-04</threshold>
            <left_val>2.7593100070953369e-01</left_val>
            <right_val>-5.0306218862533569e-01</right_val></_></_>
        <_>
          <!-- tree 4 -->
          <_>
            <!-- root node -->
            <feature>
              <rects>
                <_>
                  0 0 4 2 -1.</_>
                <_>
                  2 0 2 2 2.</_></rects>
              <tilted>0</tilted></feature>
            <threshold>2.2787009365856647e-03</threshold>
            <left_val>2.3103310167789459e-01</left_val>
            <right_val>-9.2547398805618286e-01</right_val></_></_>
        <_>
          <!-- tree 5 -->
          <_>
            <!-- root node -->
            <feature>
              <rects>
                <_>
                  16 0 4 4 -1.</_>
                <_>
                  16 0 2 4 2.</_></rects>
              <tilted>0</tilted></feature>
            <threshold>-3.4484870266169310e-03</threshold>
            <left_val>-8.4054797887802124e-01</left_val>
            <right_val>8.5324168205261230e-02</right_val></_></_>
        <_>
          <!-- tree 6 -->
          <_>
            <!-- root node -->
            <feature>
              <rects>
                <_>
                  4 18 2 2 -1.</_>
                <_>
                  4 19 2 1 2.</_></rects>
              <tilted>0</tilted></feature>
            <threshold>1.0765290062408894e-04</threshold>
            <left_val>-6.5295970439910889e-01</left_val>
            <right_val>3.3077460527420044e-01</right_val></_></_></trees>
      <stage_threshold>-1.0335340499877930e+00</stage_threshold>
      <parent>9</parent>
      <next>-1</next></_>
    <_>
      <!-- stage 11 -->
      <trees>
        <_>
          <!-- tree 0 -->
          <_>
            <!-- root node -->
            <feature>
              <rects>
                <_>
                  1 1 5 8 -1.</_>
                <_>
                  1 5 5 4 2.</_></rects>
              <tilted>0</tilted></feature>
            <threshold>2.5205949321389198e-02</threshold>
            <left_val>-7.0469021797180176e-01</left_val>
            <right_val>4.3191659450531006e-01</right_val></_></_>
        <_>
          <!-- tree 1 -->
          <_>
            <!-- root node -->
            <feature>
              <rects>
                <_>
                  16 0 4 2 -1.</_>
                <_>
                  16 0 2 2 2.</_></rects>
              <tilted>0</tilted></feature>
            <threshold>3.4747549798339605e-03</threshold>
            <left_val>1.1975879967212677e-01</left_val>
            <right_val>-7.0349818468093872e-01</right_val></_></_>
        <_>
          <!-- tree 2 -->
          <_>
            <!-- root node -->
            <feature>
              <rects>
                <_>
                  0 7 1 10 -1.</_>
                <_>
                  0 12 1 5 2.</_></rects>
              <tilted>0</tilted></feature>
            <threshold>-7.0898099802434444e-03</threshold>
            <left_val>-6.4480590820312500e-01</left_val>
            <right_val>4.2587220668792725e-01</right_val></_></_>
        <_>
          <!-- tree 3 -->
          <_>
            <!-- root node -->
            <feature>
              <rects>
                <_>
                  16 0 4 2 -1.</_>
                <_>
                  16 0 2 2 2.</_></rects>
              <tilted>0</tilted></feature>
            <threshold>-2.3217420093715191e-03</threshold>
            <left_val>-8.9782500267028809e-01</left_val>
            <right_val>6.2265079468488693e-02</right_val></_></_>
        <_>
          <!-- tree 4 -->
          <_>
            <!-- root node -->
            <feature>
              <rects>
                <_>
                  2 0 16 2 -1.</_>
                <_>
                  10 0 8 2 2.</_></rects>
              <tilted>0</tilted></feature>
            <threshold>1.2045229785144329e-02</threshold>
            <left_val>2.7835708856582642e-01</left_val>
            <right_val>-7.4384558200836182e-01</right_val></_></_>
        <_>
          <!-- tree 5 -->
          <_>
            <!-- root node -->
            <feature>
              <rects>
                <_>
                  6 17 8 3 -1.</_>
                <_>
                  6 18 8 1 3.</_></rects>
              <tilted>0</tilted></feature>
            <threshold>-1.3361579738557339e-02</threshold>
            <left_val>7.7832078933715820e-01</left_val>
            <right_val>-3.2871130108833313e-01</right_val></_></_>
        <_>
          <!-- tree 6 -->
          <_>
            <!-- root node -->
            <feature>
              <rects>
                <_>
                  8 4 3 1 -1.</_>
                <_>
                  9 4 1 1 3.</_></rects>
              <tilted>0</tilted></feature>
            <threshold>2.5256158551201224e-04</threshold>
            <left_val>2.2320219874382019e-01</left_val>
            <right_val>-8.9171057939529419e-01</right_val></_></_>
        <_>
          <!-- tree 7 -->
          <_>
            <!-- root node -->
            <feature>
              <rects>
                <_>
                  7 1 9 3 -1.</_>
                <_>
                  7 2 9 1 3.</_></rects>
              <tilted>0</tilted></feature>
            <threshold>4.1411709971725941e-03</threshold>
            <left_val>-4.0789121389389038e-01</left_val>
            <right_val>3.1997311115264893e-01</right_val></_></_></trees>
      <stage_threshold>-1.2959920167922974e+00</stage_threshold>
      <parent>10</parent>
      <next>-1</next></_>
    <_>
      <!-- stage 12 -->
      <trees>
        <_>
          <!-- tree 0 -->
          <_>
            <!-- root node -->
            <feature>
              <rects>
                <_>
                  5 1 2 6 -1.</_>
                <_>
                  5 1 1 3 2.</_>
                <_>
                  6 4 1 3 2.</_></rects>
              <tilted>0</tilted></feature>
            <threshold>-8.5432670312002301e-04</threshold>
            <left_val>4.7227740287780762e-01</left_val>
            <right_val>-6.3129568099975586e-01</right_val></_></_>
        <_>
          <!-- tree 1 -->
          <_>
            <!-- root node -->
            <feature>
              <rects>
                <_>
                  11 6 3 3 -1.</_>
                <_>
                  11 7 3 1 3.</_></rects>
              <tilted>0</tilted></feature>
            <threshold>-4.5143198803998530e-04</threshold>
            <left_val>-4.6219131350517273e-01</left_val>
            <right_val>8.4165737032890320e-02</right_val></_></_>
        <_>
          <!-- tree 2 -->
          <_>
            <!-- root node -->
            <feature>
              <rects>
                <_>
                  2 14 16 2 -1.</_>
                <_>
                  2 15 16 1 2.</_></rects>
              <tilted>0</tilted></feature>
            <threshold>-5.4613607935607433e-03</threshold>
            <left_val>4.1002449393272400e-01</left_val>
            <right_val>-7.7828520536422729e-01</right_val></_></_>
        <_>
          <!-- tree 3 -->
          <_>
            <!-- root node -->
            <feature>
              <rects>
                <_>
                  11 6 3 3 -1.</_>
                <_>
                  11 7 3 1 3.</_></rects>
              <tilted>0</tilted></feature>
            <threshold>1.9082600483670831e-03</threshold>
            <left_val>1.0333649814128876e-02</left_val>
            <right_val>-5.8688360452651978e-01</right_val></_></_>
        <_>
          <!-- tree 4 -->
          <_>
            <!-- root node -->
            <feature>
              <rects>
                <_>
                  6 6 3 3 -1.</_>
                <_>
                  6 7 3 1 3.</_></rects>
              <tilted>0</tilted></feature>
            <threshold>-2.1534599363803864e-04</threshold>
            <left_val>-8.6984002590179443e-01</left_val>
            <right_val>3.2551059126853943e-01</right_val></_></_>
        <_>
          <!-- tree 5 -->
          <_>
            <!-- root node -->
            <feature>
              <rects>
                <_>
                  1 1 18 17 -1.</_>
                <_>
                  7 1 6 17 3.</_></rects>
              <tilted>0</tilted></feature>
            <threshold>2.2762170433998108e-01</threshold>
            <left_val>-7.1571868658065796e-01</left_val>
            <right_val>3.0690631270408630e-01</right_val></_></_>
        <_>
          <!-- tree 6 -->
          <_>
            <!-- root node -->
            <feature>
              <rects>
                <_>
                  0 5 18 14 -1.</_>
                <_>
                  0 12 18 7 2.</_></rects>
              <tilted>0</tilted></feature>
            <threshold>-5.2643442153930664e-01</threshold>
            <left_val>3.9539220929145813e-01</left_val>
            <right_val>-6.3490647077560425e-01</right_val></_></_></trees>
      <stage_threshold>-8.3362960815429688e-01</stage_threshold>
      <parent>11</parent>
      <next>-1</next></_>
    <_>
      <!-- stage 13 -->
      <trees>
        <_>
          <!-- tree 0 -->
          <_>
            <!-- root node -->
            <feature>
              <rects>
                <_>
                  2 3 10 2 -1.</_>
                <_>
                  2 3 5 1 2.</_>
                <_>
                  7 4 5 1 2.</_></rects>
              <tilted>0</tilted></feature>
            <threshold>-1.3678020332008600e-03</threshold>
            <left_val>4.4356220960617065e-01</left_val>
            <right_val>-7.4656778573989868e-01</right_val></_></_>
        <_>
          <!-- tree 1 -->
          <_>
            <!-- root node -->
            <feature>
              <rects>
                <_>
                  0 2 20 1 -1.</_>
                <_>
                  0 2 10 1 2.</_></rects>
              <tilted>0</tilted></feature>
            <threshold>-1.2158229947090149e-02</threshold>
            <left_val>-9.1006821393966675e-01</left_val>
            <right_val>3.0481588840484619e-01</right_val></_></_>
        <_>
          <!-- tree 2 -->
          <_>
            <!-- root node -->
            <feature>
              <rects>
                <_>
                  0 1 6 8 -1.</_>
                <_>
                  3 1 3 8 2.</_></rects>
              <tilted>0</tilted></feature>
            <threshold>5.1246400922536850e-02</threshold>
            <left_val>-5.3140407800674438e-01</left_val>
            <right_val>5.5236792564392090e-01</right_val></_></_>
        <_>
          <!-- tree 3 -->
          <_>
            <!-- root node -->
            <feature>
              <rects>
                <_>
                  11 1 2 3 -1.</_>
                <_>
                  11 1 1 3 2.</_></rects>
              <tilted>0</tilted></feature>
            <threshold>2.1200510673224926e-05</threshold>
            <left_val>-6.1205369234085083e-01</left_val>
            <right_val>2.7901259064674377e-01</right_val></_></_>
        <_>
          <!-- tree 4 -->
          <_>
            <!-- root node -->
            <feature>
              <rects>
                <_>
                  0 0 6 1 -1.</_>
                <_>
                  2 0 2 1 3.</_></rects>
              <tilted>0</tilted></feature>
            <threshold>-1.7430450534448028e-03</threshold>
            <left_val>-8.3842349052429199e-01</left_val>
            <right_val>3.3539330959320068e-01</right_val></_></_>
        <_>
          <!-- tree 5 -->
          <_>
            <!-- root node -->
            <feature>
              <rects>
                <_>
                  17 2 2 2 -1.</_>
                <_>
                  18 2 1 1 2.</_>
                <_>
                  17 3 1 1 2.</_></rects>
              <tilted>0</tilted></feature>
            <threshold>2.1101839593029581e-05</threshold>
            <left_val>-2.6541128754615784e-01</left_val>
            <right_val>3.1462430953979492e-01</right_val></_></_>
        <_>
          <!-- tree 6 -->
          <_>
            <!-- root node -->
            <feature>
              <rects>
                <_>
                  1 2 2 2 -1.</_>
                <_>
                  1 2 1 1 2.</_>
                <_>
                  2 3 1 1 2.</_></rects>
              <tilted>0</tilted></feature>
            <threshold>-2.0516610675258562e-05</threshold>
            <left_val>8.1414991617202759e-01</left_val>
            <right_val>-3.5612508654594421e-01</right_val></_></_></trees>
      <stage_threshold>-1.2913169860839844e+00</stage_threshold>
      <parent>12</parent>
      <next>-1</next></_>
    <_>
      <!-- stage 14 -->
      <trees>
        <_>
          <!-- tree 0 -->
          <_>
            <!-- root node -->
            <feature>
              <rects>
                <_>
                  2 0 6 8 -1.</_>
                <_>
                  4 0 2 8 3.</_></rects>
              <tilted>0</tilted></feature>
            <threshold>1.1214850237593055e-03</threshold>
            <left_val>-6.9396662712097168e-01</left_val>
            <right_val>4.8275879025459290e-01</right_val></_></_>
        <_>
          <!-- tree 1 -->
          <_>
            <!-- root node -->
            <feature>
              <rects>
                <_>
                  6 2 13 6 -1.</_>
                <_>
                  6 5 13 3 2.</_></rects>
              <tilted>0</tilted></feature>
            <threshold>5.2167531102895737e-03</threshold>
            <left_val>-6.0048991441726685e-01</left_val>
            <right_val>1.9575500488281250e-01</right_val></_></_>
        <_>
          <!-- tree 2 -->
          <_>
            <!-- root node -->
            <feature>
              <rects>
                <_>
                  5 0 8 10 -1.</_>
                <_>
                  5 0 4 5 2.</_>
                <_>
                  9 5 4 5 2.</_></rects>
              <tilted>0</tilted></feature>
            <threshold>-7.5443131208885461e-05</threshold>
            <left_val>5.6793469190597534e-01</left_val>
            <right_val>-7.4676221609115601e-01</right_val></_></_>
        <_>
          <!-- tree 3 -->
          <_>
            <!-- root node -->
            <feature>
              <rects>
                <_>
                  10 7 1 6 -1.</_>
                <_>
                  10 10 1 3 2.</_></rects>
              <tilted>0</tilted></feature>
            <threshold>-1.3868849491700530e-03</threshold>
            <left_val>2.4079769849777222e-01</left_val>
            <right_val>-7.6617187261581421e-01</right_val></_></_>
        <_>
          <!-- tree 4 -->
          <_>
            <!-- root node -->
            <feature>
              <rects>
                <_>
                  3 3 4 2 -1.</_>
                <_>
                  3 3 2 1 2.</_>
                <_>
                  5 4 2 1 2.</_></rects>
              <tilted>0</tilted></feature>
            <threshold>-8.8794931070879102e-04</threshold>
            <left_val>7.3255270719528198e-01</left_val>
            <right_val>-5.3460049629211426e-01</right_val></_></_></trees>
      <stage_threshold>-1.1582959890365601e+00</stage_threshold>
      <parent>13</parent>
      <next>-1</next></_></stages></Ball>
</opencv_storage>
